art-01	«Зимний Петербург», Александр Карлович Беггров, Челябинский государственный музей изобразительных искусств.webp
art-02	01.jpg
art-03	15901-1.jpg
art-04	3fe1b762-4ee9-57d4-aa56-033e9e77c3dd.jfif
art-05	g5nYAB7sVPI.jpg
art-06	original-169f.jpg
art-07	pushkin.jfif
art-08	zimmerbildbiedermeierfbook.png
art-09	А. А. Дельвиг Акварель П. Л. Яковлев 1817 г..jpg
art-10	А. Наумов Дуэль Пушкина с Дантесом 188.jfif
art-11	Актовый зал красносельского лицея. П.Ф. Борель с рисунка В.П. Лангера 1820 г..jpg
art-12	Аничков мост на Невском проспекте в сумерках. Паоло Сала.jfif
art-13	Василий Львович Пушкин. Портрет работы Ж. Вивьена (около 1823)-gigapixel-high fidelity v3-2x-faceai v2.jpeg
art-14	Вечер в дворянском доме Акварель неизвестный художник 1820-е г. Государственный Русский музей.jpg
art-15	Вид на Соборную площадь в Кремле. Грановитая палата и соборы. Фёдор Алексеев 1801 г.-gigapixel-high fidelity v3-2x.jpg
art-16	Вид Невы и Петропавловской крепости 1847 г. Акварель В. С. Садовников.jpg
art-17	Вид площади между Исаакиевским собором и Адмиралтейством 1847 г. Акварель В.С. Садовников.jpg
art-18	Генерал - аншеф Ибрагим Петрович Ганнибал (ок. 1669 - 1781)-gigapixel-high fidelity v3-2x-faceai v2.jpg
art-19	Дуэль А.С. Пушкина. Протаптывают тропинку, Дмитрий Белюкин, 2022 г..jpg
art-20	Зелёная лампа.jpg
art-21	Интерьер гостинной-gigapixel-high fidelity v3-4x.png
art-22	На торжественном открытии Лицея 19 октября 1811 года. Иткин А.З..jpg
art-23	Надежда Осиповна Пушкина (Ганнибал),. К. де Местр-gigapixel-high fidelity v3-4x-faceai v2.jfif
art-24	Невский проспект у кондитерской Вольфа и Беранже.  Д. А. Белюкин.jpg
art-25	Первая встреча Пушкина и Пущина. Иткин А.З..jpg
art-26	Первый приезд юного Пушкина в Санкт-Петербург. Иткин А.З..jpg
art-27	Петербург зимой 1874 г.  Александр Карлович Беггров.jfif
art-28	Портрет адъюнкт-профессора нравственных и политических наук Александра Петровича Куницына Алексей Илличевский 1816 г..jpg
art-29	Портрет Александра I Джордж Доу.jpg
art-30	Портрет В. А. Жуковского Карл Брюллов 1837 г..jpg
art-31	Портрет В. А. Жуковского. Кипренский О. А. 1816 г..png
art-32	Портрет Державина Александр Васильевский 1815 г. Музей-усадьба Г.Р. Державина Санкт-Петербург.jpg
art-33	Портрет Егора Антоновича Энгельгардта Павел Пороховников лицейский преподаватель рисования 1877 г..jpg
art-34	Портрет князя Петра Андреевича Вяземского Орест Кипренский 1835 г..jfif
art-35	Портрет Ольги Сергеевны Павлищевой (в девичестве Пушкиной)-gigapixel-standard v2-4x.jpg
art-36	Приезд. Выбор места дуэли, 2022—2023, Дмитрий Белюкин.jpg
art-37	Пример интерьера в доме родителей Пушкина (Дом-музей В.Л. Пушкина)-gigapixel-standard v2-4x.jpg
art-38	Прогулка императрицы Екатерины II в парке Царского Села. М.Ф. Дамам-Демартре..jpg
art-39	Пушкин на экзамене в Царском Селе 8 января 1815 года И. Репин 1911 г. Всероссийский музей А.С. Пушкина Санкт-Петербург.jpg
art-40	Пушкин слушает сказки няни В.А.Кузнецов.-gigapixel-standard v2-4x.jpg
art-41	Пушкин-лицеист в Царском Селе Ирина Витман 1954 г..jpg
art-42	Пушкин-лицеист. Неизвестный художник. Середина 1810-х.jpg
art-43	Рисунок Пушкина-gigapixel-standard v2-4x.jpg
art-44	Родословное_дерево_Пушкиных-gigapixel-standard v2-2x.jpg
art-45	Саша Пушкин в Лицее. Иткин А.З..jpg
art-46	Свидетельство об окончании_А. С. Пушкиным лицея.jpg
art-47	Сергей Львович Пушкин-gigapixel-standard v2-2x.jpg
art-48	Субботнее собрание у Жуковского Художники школы Алексея Венецианова Григорий Михайлов, Аполлон Мокрицкий и другие 1834–1836 гг..png
art-49	Усадьба Захарово-gigapixel-standard v2-2x.jpg
art-50	Царское село. Лицей. А. А. Тон..jpg
art-51	Царское село. М.М. Иванов. Всероссийский музей А.С. Пушкина.jpg
art-52	Эдуард Гау. Церковь в Большом Царскосельском дворце. Акварель. 1860-е. Из коллекции ГМЗ «Царское Село».jpg
art-53	Юный Пушкин в Царскосельском парке Анатолий Иткин 1966 г. Государственный музей А. С. Пушкина.jpg
art-54	Юный Пушкин с Ариной Родионовной Шаньков М. Ю.-gigapixel-standard v2-2x.jpg
